{"Temp1": {"mean": 30.990780539205375, "std": 7.286106401742438}, "Temp2": {"mean": 36.810334929986226, "std": 3.8372886839418068}, "Temp3": {"mean": 34.96850371472845, "std": 3.356336412832796}, "Temp4": {"mean": 33.54577251803632, "std": 3.7785008910793705}}